{
  "chart": {
    "title": "Population density",
    "subtitle": "The number of people per km² of land area",
    "citation": "HYDE (2023); Gapminder (2022); UN WPP (2024); UN FAO (2024)",
    "originalChartUrl": "https://ourworldindata.org/grapher/population-density?v=1&csvType=full&useColumnShortNames=false",
    "selection": [
      "World"
    ]
  },
  "columns": {
    "Population density": {
      "titleShort": "Population density",
      "titleLong": "Population density",
      "descriptionShort": "Population per square kilometer by country, available from 10,000 BCE to 2100, based on data and estimates from different sources.\n",
      "descriptionKey": [],
      "descriptionProcessing": "We have estimated the population density by using population estimates from multiple sources and land area estimates by the Food and Agriculture Organization of the United Nations.\n\nWe obtain it by dividing the population estimates by the land area estimates.\n\nThe population data is constructed by combining data from multiple sources:\n\n- 10,000 BCE - 1799: Historical estimates by HYDE (v3.3).\n\n- 1800 - 1949: Historical estimates by Gapminder (v7).\n\n- 1950-2023: Population records by the UN World Population Prospects (2024 revision).\n\n- 2024-2100: Projections based on Medium variant by the UN World Population Prospects (2024 revision).",
      "unit": "people per km²",
      "timespan": "-10000-2100",
      "type": "Numeric",
      "owidVariableId": 953906,
      "shortName": "population_density",
      "lastUpdated": "2024-07-15",
      "nextUpdate": "2026-07-15",
      "citationShort": "HYDE (2023); Gapminder (2022); UN WPP (2024); UN FAO (2024) – with major processing by Our World in Data",
      "citationLong": "HYDE (2023); Gapminder (2022); UN WPP (2024); UN FAO (2024) – with major processing by Our World in Data. “Population density” [dataset]. PBL Netherlands Environmental Assessment Agency, “History Database of the Global Environment 3.3”; Gapminder, “Population v7”; United Nations, “World Population Prospects”; Gapminder, “Systema Globalis”; Food and Agriculture Organization of the United Nations, “Land, Inputs and Sustainability: Land Use” [original data].",
      "fullMetadata": "https://api.ourworldindata.org/v1/indicators/953906.metadata.json"
    }
  },
  "dateDownloaded": "2024-11-18"
}