{
  "chart": {
    "title": "Birth rate vs. death rate",
    "subtitle": "Rates are given per 1,000 people in the country's population. Countries above the gray line have a higher birth than death rate, meaning that the total population is increasing; those below the line have a declining population.",
    "citation": "UN, World Population Prospects (2024)",
    "originalChartUrl": "https://ourworldindata.org/grapher/birth-rate-vs-death-rate?v=1&csvType=full&useColumnShortNames=false"
  },
  "columns": {
    "Birth rate - Sex: all - Age: all - Variant: estimates": {
      "titleShort": "Birth rate,total",
      "titleLong": "Birth rate,total - UN WPP",
      "descriptionShort": "Number of births recorded annually, divided by population in that year. It is based on the civil calendar year, spanning from January 1 to December 31.",
      "descriptionKey": [],
      "unit": "births per 1,000 people",
      "timespan": "1950-2023",
      "type": "Numeric",
      "owidVariableId": 950617,
      "shortName": "birth_rate__sex_all__age_all__variant_estimates",
      "lastUpdated": "2024-07-12",
      "citationShort": "UN, World Population Prospects (2024) – processed by Our World in Data",
      "citationLong": "UN, World Population Prospects (2024) – processed by Our World in Data. “Birth rate,total – UN WPP” [dataset]. United Nations, “World Population Prospects” [original data].",
      "fullMetadata": "https://api.ourworldindata.org/v1/indicators/950617.metadata.json"
    },
    "Death rate - Sex: all - Age: all - Variant: estimates": {
      "titleShort": "Death rate,total",
      "titleLong": "Death rate,total - UN WPP",
      "descriptionShort": "Number of deaths recorded annually, divided by population in that year. It is based on the civil calendar year, spanning from January 1 to December 31.",
      "descriptionKey": [],
      "unit": "deaths per 1,000 people",
      "timespan": "1950-2023",
      "type": "Numeric",
      "owidVariableId": 950691,
      "shortName": "death_rate__sex_all__age_all__variant_estimates",
      "lastUpdated": "2024-07-12",
      "citationShort": "UN, World Population Prospects (2024) – processed by Our World in Data",
      "citationLong": "UN, World Population Prospects (2024) – processed by Our World in Data. “Death rate,total – UN WPP” [dataset]. United Nations, “World Population Prospects” [original data].",
      "fullMetadata": "https://api.ourworldindata.org/v1/indicators/950691.metadata.json"
    },
    "Population - Sex: all - Age: all - Variant: estimates": {
      "titleShort": "Population,total",
      "titleLong": "Population,total - UN WPP",
      "descriptionShort": "De facto total population in a country, area or region as of 1 July of the year indicated.",
      "descriptionKey": [],
      "unit": "people",
      "timespan": "1950-2023",
      "type": "Integer",
      "owidVariableId": 951674,
      "shortName": "population__sex_all__age_all__variant_estimates",
      "lastUpdated": "2024-07-12",
      "citationShort": "UN, World Population Prospects (2024) – processed by Our World in Data",
      "citationLong": "UN, World Population Prospects (2024) – processed by Our World in Data. “Population,total – UN WPP” [dataset]. United Nations, “World Population Prospects” [original data].",
      "fullMetadata": "https://api.ourworldindata.org/v1/indicators/951674.metadata.json"
    },
    "World regions according to OWID": {
      "titleShort": "World regions according to OWID",
      "titleLong": "World regions according to OWID",
      "descriptionKey": [],
      "unit": "",
      "timespan": "2023-2023",
      "type": "Continent",
      "owidVariableId": 900801,
      "shortName": "owid_region",
      "lastUpdated": "2023-01-01",
      "citationShort": "Our World in Data – processed by Our World in Data",
      "citationLong": "Our World in Data – processed by Our World in Data. “World regions according to OWID” [dataset]. Our World in Data, “Regions” [original data].",
      "fullMetadata": "https://api.ourworldindata.org/v1/indicators/900801.metadata.json"
    }
  },
  "dateDownloaded": "2024-12-15",
  "activeFilters": {}
}