Entity,Code,Year,Fertility rate - Sex: all - Age: all - Variant: estimates,Fertility rate - Sex: all - Age: all - Variant: medium
Africa (UN),,1950,6.516,
Africa (UN),,1951,6.53,
Africa (UN),,1952,6.541,
Africa (UN),,1953,6.558,
Africa (UN),,1954,6.569,
Africa (UN),,1955,6.581,
Africa (UN),,1956,6.594,
Africa (UN),,1957,6.606,
Africa (UN),,1958,6.617,
Africa (UN),,1959,6.631,
Africa (UN),,1960,6.645,
Africa (UN),,1961,6.658,
Africa (UN),,1962,6.673,
Africa (UN),,1963,6.679,
Africa (UN),,1964,6.68,
Africa (UN),,1965,6.676,
Africa (UN),,1966,6.687,
Africa (UN),,1967,6.691,
Africa (UN),,1968,6.691,
Africa (UN),,1969,6.687,
Africa (UN),,1970,6.688,
Africa (UN),,1971,6.692,
Africa (UN),,1972,6.693,
Africa (UN),,1973,6.689,
Africa (UN),,1974,6.688,
Africa (UN),,1975,6.686,
Africa (UN),,1976,6.676,
Africa (UN),,1977,6.663,
Africa (UN),,1978,6.647,
Africa (UN),,1979,6.62,
Africa (UN),,1980,6.589,
Africa (UN),,1981,6.548,
Africa (UN),,1982,6.509,
Africa (UN),,1983,6.46,
Africa (UN),,1984,6.394,
Africa (UN),,1985,6.322,
Africa (UN),,1986,6.244,
Africa (UN),,1987,6.169,
Africa (UN),,1988,6.092,
Africa (UN),,1989,6.004,
Africa (UN),,1990,5.909,
Africa (UN),,1991,5.827,
Africa (UN),,1992,5.747,
Africa (UN),,1993,5.663,
Africa (UN),,1994,5.589,
Africa (UN),,1995,5.508,
Africa (UN),,1996,5.429,
Africa (UN),,1997,5.353,
Africa (UN),,1998,5.296,
Africa (UN),,1999,5.248,
Africa (UN),,2000,5.203,
Africa (UN),,2001,5.16,
Africa (UN),,2002,5.115,
Africa (UN),,2003,5.082,
Africa (UN),,2004,5.059,
Africa (UN),,2005,5.04,
Africa (UN),,2006,5.013,
Africa (UN),,2007,4.985,
Africa (UN),,2008,4.968,
Africa (UN),,2009,4.927,
Africa (UN),,2010,4.891,
Africa (UN),,2011,4.842,
Africa (UN),,2012,4.796,
Africa (UN),,2013,4.74,
Africa (UN),,2014,4.686,
Africa (UN),,2015,4.625,
Africa (UN),,2016,4.545,
Africa (UN),,2017,4.482,
Africa (UN),,2018,4.391,
Africa (UN),,2019,4.312,
Africa (UN),,2020,4.242,
Africa (UN),,2021,4.179,
Africa (UN),,2022,4.125,
Africa (UN),,2023,4.072,
Africa (UN),,2024,,4.015
Africa (UN),,2025,,3.952
Africa (UN),,2026,,3.891
Africa (UN),,2027,,3.829
Africa (UN),,2028,,3.77
Africa (UN),,2029,,3.712
Africa (UN),,2030,,3.653
Africa (UN),,2031,,3.596
Africa (UN),,2032,,3.538
Africa (UN),,2033,,3.483
Africa (UN),,2034,,3.43
Africa (UN),,2035,,3.377
Africa (UN),,2036,,3.328
Africa (UN),,2037,,3.277
Africa (UN),,2038,,3.232
Africa (UN),,2039,,3.189
Africa (UN),,2040,,3.147
Africa (UN),,2041,,3.105
Africa (UN),,2042,,3.066
Africa (UN),,2043,,3.028
Africa (UN),,2044,,2.991
Africa (UN),,2045,,2.953
Africa (UN),,2046,,2.92
Africa (UN),,2047,,2.886
Africa (UN),,2048,,2.854
Africa (UN),,2049,,2.822
Africa (UN),,2050,,2.792
Africa (UN),,2051,,2.764
Africa (UN),,2052,,2.737
Africa (UN),,2053,,2.71
Africa (UN),,2054,,2.683
Africa (UN),,2055,,2.658
Africa (UN),,2056,,2.633
Africa (UN),,2057,,2.609
Africa (UN),,2058,,2.587
Africa (UN),,2059,,2.565
Africa (UN),,2060,,2.543
Africa (UN),,2061,,2.522
Africa (UN),,2062,,2.501
Africa (UN),,2063,,2.48
Africa (UN),,2064,,2.46
Africa (UN),,2065,,2.44
Africa (UN),,2066,,2.423
Africa (UN),,2067,,2.405
Africa (UN),,2068,,2.388
Africa (UN),,2069,,2.371
Africa (UN),,2070,,2.354
Africa (UN),,2071,,2.338
Africa (UN),,2072,,2.323
Africa (UN),,2073,,2.308
Africa (UN),,2074,,2.293
Africa (UN),,2075,,2.278
Africa (UN),,2076,,2.264
Africa (UN),,2077,,2.25
Africa (UN),,2078,,2.237
Africa (UN),,2079,,2.223
Africa (UN),,2080,,2.211
Africa (UN),,2081,,2.199
Africa (UN),,2082,,2.188
Africa (UN),,2083,,2.177
Africa (UN),,2084,,2.166
Africa (UN),,2085,,2.155
Africa (UN),,2086,,2.144
Africa (UN),,2087,,2.134
Africa (UN),,2088,,2.124
Africa (UN),,2089,,2.114
Africa (UN),,2090,,2.104
Africa (UN),,2091,,2.095
Africa (UN),,2092,,2.085
Africa (UN),,2093,,2.076
Africa (UN),,2094,,2.068
Africa (UN),,2095,,2.059
Africa (UN),,2096,,2.051
Africa (UN),,2097,,2.043
Africa (UN),,2098,,2.035
Africa (UN),,2099,,2.027
Africa (UN),,2100,,2.02
Asia (UN),,1950,5.694,
Asia (UN),,1951,5.609,
Asia (UN),,1952,5.926,
Asia (UN),,1953,5.757,
Asia (UN),,1954,5.863,
Asia (UN),,1955,5.85,
Asia (UN),,1956,5.691,
Asia (UN),,1957,5.913,
Asia (UN),,1958,5.646,
Asia (UN),,1959,5.274,
Asia (UN),,1960,5.183,
Asia (UN),,1961,4.951,
Asia (UN),,1962,5.789,
Asia (UN),,1963,6.313,
Asia (UN),,1964,5.994,
Asia (UN),,1965,5.948,
Asia (UN),,1966,5.774,
Asia (UN),,1967,5.595,
Asia (UN),,1968,5.815,
Asia (UN),,1969,5.654,
Asia (UN),,1970,5.591,
Asia (UN),,1971,5.352,
Asia (UN),,1972,5.164,
Asia (UN),,1973,4.978,
Asia (UN),,1974,4.716,
Asia (UN),,1975,4.43,
Asia (UN),,1976,4.263,
Asia (UN),,1977,4.058,
Asia (UN),,1978,3.966,
Asia (UN),,1979,3.945,
Asia (UN),,1980,3.908,
Asia (UN),,1981,3.871,
Asia (UN),,1982,3.88,
Asia (UN),,1983,3.671,
Asia (UN),,1984,3.642,
Asia (UN),,1985,3.591,
Asia (UN),,1986,3.58,
Asia (UN),,1987,3.543,
Asia (UN),,1988,3.412,
Asia (UN),,1989,3.36,
Asia (UN),,1990,3.314,
Asia (UN),,1991,3.048,
Asia (UN),,1992,2.936,
Asia (UN),,1993,2.86,
Asia (UN),,1994,2.802,
Asia (UN),,1995,2.748,
Asia (UN),,1996,2.693,
Asia (UN),,1997,2.649,
Asia (UN),,1998,2.607,
Asia (UN),,1999,2.575,
Asia (UN),,2000,2.584,
Asia (UN),,2001,2.532,
Asia (UN),,2002,2.49,
Asia (UN),,2003,2.451,
Asia (UN),,2004,2.428,
Asia (UN),,2005,2.397,
Asia (UN),,2006,2.381,
Asia (UN),,2007,2.367,
Asia (UN),,2008,2.361,
Asia (UN),,2009,2.353,
Asia (UN),,2010,2.323,
Asia (UN),,2011,2.303,
Asia (UN),,2012,2.331,
Asia (UN),,2013,2.281,
Asia (UN),,2014,2.265,
Asia (UN),,2015,2.227,
Asia (UN),,2016,2.241,
Asia (UN),,2017,2.206,
Asia (UN),,2018,2.118,
Asia (UN),,2019,2.075,
Asia (UN),,2020,1.973,
Asia (UN),,2021,1.927,
Asia (UN),,2022,1.896,
Asia (UN),,2023,1.881,
Asia (UN),,2024,,1.88
Asia (UN),,2025,,1.873
Asia (UN),,2026,,1.867
Asia (UN),,2027,,1.861
Asia (UN),,2028,,1.855
Asia (UN),,2029,,1.849
Asia (UN),,2030,,1.844
Asia (UN),,2031,,1.837
Asia (UN),,2032,,1.83
Asia (UN),,2033,,1.824
Asia (UN),,2034,,1.818
Asia (UN),,2035,,1.812
Asia (UN),,2036,,1.806
Asia (UN),,2037,,1.802
Asia (UN),,2038,,1.797
Asia (UN),,2039,,1.795
Asia (UN),,2040,,1.795
Asia (UN),,2041,,1.796
Asia (UN),,2042,,1.798
Asia (UN),,2043,,1.802
Asia (UN),,2044,,1.807
Asia (UN),,2045,,1.812
Asia (UN),,2046,,1.816
Asia (UN),,2047,,1.819
Asia (UN),,2048,,1.821
Asia (UN),,2049,,1.823
Asia (UN),,2050,,1.824
Asia (UN),,2051,,1.823
Asia (UN),,2052,,1.821
Asia (UN),,2053,,1.819
Asia (UN),,2054,,1.815
Asia (UN),,2055,,1.812
Asia (UN),,2056,,1.809
Asia (UN),,2057,,1.805
Asia (UN),,2058,,1.8
Asia (UN),,2059,,1.796
Asia (UN),,2060,,1.792
Asia (UN),,2061,,1.787
Asia (UN),,2062,,1.784
Asia (UN),,2063,,1.781
Asia (UN),,2064,,1.778
Asia (UN),,2065,,1.775
Asia (UN),,2066,,1.772
Asia (UN),,2067,,1.769
Asia (UN),,2068,,1.767
Asia (UN),,2069,,1.763
Asia (UN),,2070,,1.761
Asia (UN),,2071,,1.76
Asia (UN),,2072,,1.758
Asia (UN),,2073,,1.757
Asia (UN),,2074,,1.755
Asia (UN),,2075,,1.755
Asia (UN),,2076,,1.754
Asia (UN),,2077,,1.754
Asia (UN),,2078,,1.753
Asia (UN),,2079,,1.753
Asia (UN),,2080,,1.753
Asia (UN),,2081,,1.752
Asia (UN),,2082,,1.752
Asia (UN),,2083,,1.75
Asia (UN),,2084,,1.749
Asia (UN),,2085,,1.748
Asia (UN),,2086,,1.747
Asia (UN),,2087,,1.745
Asia (UN),,2088,,1.743
Asia (UN),,2089,,1.742
Asia (UN),,2090,,1.74
Asia (UN),,2091,,1.738
Asia (UN),,2092,,1.736
Asia (UN),,2093,,1.733
Asia (UN),,2094,,1.731
Asia (UN),,2095,,1.728
Asia (UN),,2096,,1.726
Asia (UN),,2097,,1.725
Asia (UN),,2098,,1.723
Asia (UN),,2099,,1.722
Asia (UN),,2100,,1.719
Europe (UN),,1950,2.7,
Europe (UN),,1951,2.66,
Europe (UN),,1952,2.645,
Europe (UN),,1953,2.622,
Europe (UN),,1954,2.626,
Europe (UN),,1955,2.624,
Europe (UN),,1956,2.61,
Europe (UN),,1957,2.614,
Europe (UN),,1958,2.597,
Europe (UN),,1959,2.603,
Europe (UN),,1960,2.592,
Europe (UN),,1961,2.57,
Europe (UN),,1962,2.519,
Europe (UN),,1963,2.517,
Europe (UN),,1964,2.493,
Europe (UN),,1965,2.436,
Europe (UN),,1966,2.42,
Europe (UN),,1967,2.417,
Europe (UN),,1968,2.372,
Europe (UN),,1969,2.326,
Europe (UN),,1970,2.283,
Europe (UN),,1971,2.272,
Europe (UN),,1972,2.213,
Europe (UN),,1973,2.139,
Europe (UN),,1974,2.128,
Europe (UN),,1975,2.069,
Europe (UN),,1976,2.034,
Europe (UN),,1977,1.994,
Europe (UN),,1978,1.962,
Europe (UN),,1979,1.942,
Europe (UN),,1980,1.928,
Europe (UN),,1981,1.89,
Europe (UN),,1982,1.886,
Europe (UN),,1983,1.884,
Europe (UN),,1984,1.857,
Europe (UN),,1985,1.834,
Europe (UN),,1986,1.852,
Europe (UN),,1987,1.844,
Europe (UN),,1988,1.82,
Europe (UN),,1989,1.76,
Europe (UN),,1990,1.722,
Europe (UN),,1991,1.656,
Europe (UN),,1992,1.587,
Europe (UN),,1993,1.516,
Europe (UN),,1994,1.486,
Europe (UN),,1995,1.452,
Europe (UN),,1996,1.44,
Europe (UN),,1997,1.426,
Europe (UN),,1998,1.415,
Europe (UN),,1999,1.397,
Europe (UN),,2000,1.41,
Europe (UN),,2001,1.401,
Europe (UN),,2002,1.418,
Europe (UN),,2003,1.443,
Europe (UN),,2004,1.465,
Europe (UN),,2005,1.462,
Europe (UN),,2006,1.49,
Europe (UN),,2007,1.535,
Europe (UN),,2008,1.593,
Europe (UN),,2009,1.601,
Europe (UN),,2010,1.606,
Europe (UN),,2011,1.587,
Europe (UN),,2012,1.612,
Europe (UN),,2013,1.592,
Europe (UN),,2014,1.608,
Europe (UN),,2015,1.605,
Europe (UN),,2016,1.611,
Europe (UN),,2017,1.557,
Europe (UN),,2018,1.522,
Europe (UN),,2019,1.486,
Europe (UN),,2020,1.465,
Europe (UN),,2021,1.473,
Europe (UN),,2022,1.41,
Europe (UN),,2023,1.395,
Europe (UN),,2024,,1.402
Europe (UN),,2025,,1.408
Europe (UN),,2026,,1.412
Europe (UN),,2027,,1.419
Europe (UN),,2028,,1.426
Europe (UN),,2029,,1.433
Europe (UN),,2030,,1.439
Europe (UN),,2031,,1.445
Europe (UN),,2032,,1.451
Europe (UN),,2033,,1.456
Europe (UN),,2034,,1.461
Europe (UN),,2035,,1.465
Europe (UN),,2036,,1.469
Europe (UN),,2037,,1.472
Europe (UN),,2038,,1.475
Europe (UN),,2039,,1.477
Europe (UN),,2040,,1.479
Europe (UN),,2041,,1.482
Europe (UN),,2042,,1.484
Europe (UN),,2043,,1.487
Europe (UN),,2044,,1.489
Europe (UN),,2045,,1.491
Europe (UN),,2046,,1.493
Europe (UN),,2047,,1.495
Europe (UN),,2048,,1.497
Europe (UN),,2049,,1.498
Europe (UN),,2050,,1.501
Europe (UN),,2051,,1.502
Europe (UN),,2052,,1.504
Europe (UN),,2053,,1.507
Europe (UN),,2054,,1.51
Europe (UN),,2055,,1.512
Europe (UN),,2056,,1.515
Europe (UN),,2057,,1.519
Europe (UN),,2058,,1.521
Europe (UN),,2059,,1.524
Europe (UN),,2060,,1.527
Europe (UN),,2061,,1.529
Europe (UN),,2062,,1.532
Europe (UN),,2063,,1.533
Europe (UN),,2064,,1.536
Europe (UN),,2065,,1.538
Europe (UN),,2066,,1.539
Europe (UN),,2067,,1.54
Europe (UN),,2068,,1.541
Europe (UN),,2069,,1.543
Europe (UN),,2070,,1.544
Europe (UN),,2071,,1.545
Europe (UN),,2072,,1.546
Europe (UN),,2073,,1.548
Europe (UN),,2074,,1.549
Europe (UN),,2075,,1.549
Europe (UN),,2076,,1.55
Europe (UN),,2077,,1.551
Europe (UN),,2078,,1.551
Europe (UN),,2079,,1.552
Europe (UN),,2080,,1.554
Europe (UN),,2081,,1.554
Europe (UN),,2082,,1.555
Europe (UN),,2083,,1.556
Europe (UN),,2084,,1.557
Europe (UN),,2085,,1.558
Europe (UN),,2086,,1.559
Europe (UN),,2087,,1.561
Europe (UN),,2088,,1.563
Europe (UN),,2089,,1.564
Europe (UN),,2090,,1.566
Europe (UN),,2091,,1.568
Europe (UN),,2092,,1.569
Europe (UN),,2093,,1.57
Europe (UN),,2094,,1.571
Europe (UN),,2095,,1.572
Europe (UN),,2096,,1.573
Europe (UN),,2097,,1.574
Europe (UN),,2098,,1.576
Europe (UN),,2099,,1.576
Europe (UN),,2100,,1.577
Latin America and the Caribbean (UN),,1950,5.792,
Latin America and the Caribbean (UN),,1951,5.795,
Latin America and the Caribbean (UN),,1952,5.799,
Latin America and the Caribbean (UN),,1953,5.807,
Latin America and the Caribbean (UN),,1954,5.818,
Latin America and the Caribbean (UN),,1955,5.828,
Latin America and the Caribbean (UN),,1956,5.843,
Latin America and the Caribbean (UN),,1957,5.853,
Latin America and the Caribbean (UN),,1958,5.858,
Latin America and the Caribbean (UN),,1959,5.866,
Latin America and the Caribbean (UN),,1960,5.866,
Latin America and the Caribbean (UN),,1961,5.856,
Latin America and the Caribbean (UN),,1962,5.846,
Latin America and the Caribbean (UN),,1963,5.821,
Latin America and the Caribbean (UN),,1964,5.763,
Latin America and the Caribbean (UN),,1965,5.681,
Latin America and the Caribbean (UN),,1966,5.58,
Latin America and the Caribbean (UN),,1967,5.472,
Latin America and the Caribbean (UN),,1968,5.364,
Latin America and the Caribbean (UN),,1969,5.267,
Latin America and the Caribbean (UN),,1970,5.17,
Latin America and the Caribbean (UN),,1971,5.074,
Latin America and the Caribbean (UN),,1972,4.97,
Latin America and the Caribbean (UN),,1973,4.867,
Latin America and the Caribbean (UN),,1974,4.75,
Latin America and the Caribbean (UN),,1975,4.644,
Latin America and the Caribbean (UN),,1976,4.547,
Latin America and the Caribbean (UN),,1977,4.452,
Latin America and the Caribbean (UN),,1978,4.353,
Latin America and the Caribbean (UN),,1979,4.249,
Latin America and the Caribbean (UN),,1980,4.145,
Latin America and the Caribbean (UN),,1981,4.05,
Latin America and the Caribbean (UN),,1982,3.96,
Latin America and the Caribbean (UN),,1983,3.864,
Latin America and the Caribbean (UN),,1984,3.765,
Latin America and the Caribbean (UN),,1985,3.67,
Latin America and the Caribbean (UN),,1986,3.582,
Latin America and the Caribbean (UN),,1987,3.483,
Latin America and the Caribbean (UN),,1988,3.394,
Latin America and the Caribbean (UN),,1989,3.317,
Latin America and the Caribbean (UN),,1990,3.242,
Latin America and the Caribbean (UN),,1991,3.169,
Latin America and the Caribbean (UN),,1992,3.095,
Latin America and the Caribbean (UN),,1993,3.038,
Latin America and the Caribbean (UN),,1994,2.977,
Latin America and the Caribbean (UN),,1995,2.917,
Latin America and the Caribbean (UN),,1996,2.85,
Latin America and the Caribbean (UN),,1997,2.794,
Latin America and the Caribbean (UN),,1998,2.739,
Latin America and the Caribbean (UN),,1999,2.674,
Latin America and the Caribbean (UN),,2000,2.609,
Latin America and the Caribbean (UN),,2001,2.543,
Latin America and the Caribbean (UN),,2002,2.482,
Latin America and the Caribbean (UN),,2003,2.423,
Latin America and the Caribbean (UN),,2004,2.381,
Latin America and the Caribbean (UN),,2005,2.342,
Latin America and the Caribbean (UN),,2006,2.297,
Latin America and the Caribbean (UN),,2007,2.259,
Latin America and the Caribbean (UN),,2008,2.232,
Latin America and the Caribbean (UN),,2009,2.208,
Latin America and the Caribbean (UN),,2010,2.181,
Latin America and the Caribbean (UN),,2011,2.164,
Latin America and the Caribbean (UN),,2012,2.135,
Latin America and the Caribbean (UN),,2013,2.113,
Latin America and the Caribbean (UN),,2014,2.096,
Latin America and the Caribbean (UN),,2015,2.066,
Latin America and the Caribbean (UN),,2016,2.015,
Latin America and the Caribbean (UN),,2017,1.991,
Latin America and the Caribbean (UN),,2018,1.973,
Latin America and the Caribbean (UN),,2019,1.928,
Latin America and the Caribbean (UN),,2020,1.869,
Latin America and the Caribbean (UN),,2021,1.845,
Latin America and the Caribbean (UN),,2022,1.824,
Latin America and the Caribbean (UN),,2023,1.807,
Latin America and the Caribbean (UN),,2024,,1.799
Latin America and the Caribbean (UN),,2025,,1.784
Latin America and the Caribbean (UN),,2026,,1.772
Latin America and the Caribbean (UN),,2027,,1.763
Latin America and the Caribbean (UN),,2028,,1.754
Latin America and the Caribbean (UN),,2029,,1.748
Latin America and the Caribbean (UN),,2030,,1.741
Latin America and the Caribbean (UN),,2031,,1.736
Latin America and the Caribbean (UN),,2032,,1.731
Latin America and the Caribbean (UN),,2033,,1.726
Latin America and the Caribbean (UN),,2034,,1.722
Latin America and the Caribbean (UN),,2035,,1.718
Latin America and the Caribbean (UN),,2036,,1.715
Latin America and the Caribbean (UN),,2037,,1.713
Latin America and the Caribbean (UN),,2038,,1.711
Latin America and the Caribbean (UN),,2039,,1.708
Latin America and the Caribbean (UN),,2040,,1.705
Latin America and the Caribbean (UN),,2041,,1.702
Latin America and the Caribbean (UN),,2042,,1.699
Latin America and the Caribbean (UN),,2043,,1.697
Latin America and the Caribbean (UN),,2044,,1.695
Latin America and the Caribbean (UN),,2045,,1.692
Latin America and the Caribbean (UN),,2046,,1.691
Latin America and the Caribbean (UN),,2047,,1.688
Latin America and the Caribbean (UN),,2048,,1.687
Latin America and the Caribbean (UN),,2049,,1.686
Latin America and the Caribbean (UN),,2050,,1.685
Latin America and the Caribbean (UN),,2051,,1.684
Latin America and the Caribbean (UN),,2052,,1.683
Latin America and the Caribbean (UN),,2053,,1.681
Latin America and the Caribbean (UN),,2054,,1.68
Latin America and the Caribbean (UN),,2055,,1.679
Latin America and the Caribbean (UN),,2056,,1.678
Latin America and the Caribbean (UN),,2057,,1.676
Latin America and the Caribbean (UN),,2058,,1.674
Latin America and the Caribbean (UN),,2059,,1.673
Latin America and the Caribbean (UN),,2060,,1.671
Latin America and the Caribbean (UN),,2061,,1.669
Latin America and the Caribbean (UN),,2062,,1.668
Latin America and the Caribbean (UN),,2063,,1.667
Latin America and the Caribbean (UN),,2064,,1.666
Latin America and the Caribbean (UN),,2065,,1.665
Latin America and the Caribbean (UN),,2066,,1.663
Latin America and the Caribbean (UN),,2067,,1.662
Latin America and the Caribbean (UN),,2068,,1.661
Latin America and the Caribbean (UN),,2069,,1.66
Latin America and the Caribbean (UN),,2070,,1.66
Latin America and the Caribbean (UN),,2071,,1.66
Latin America and the Caribbean (UN),,2072,,1.66
Latin America and the Caribbean (UN),,2073,,1.659
Latin America and the Caribbean (UN),,2074,,1.659
Latin America and the Caribbean (UN),,2075,,1.66
Latin America and the Caribbean (UN),,2076,,1.66
Latin America and the Caribbean (UN),,2077,,1.659
Latin America and the Caribbean (UN),,2078,,1.658
Latin America and the Caribbean (UN),,2079,,1.658
Latin America and the Caribbean (UN),,2080,,1.657
Latin America and the Caribbean (UN),,2081,,1.657
Latin America and the Caribbean (UN),,2082,,1.657
Latin America and the Caribbean (UN),,2083,,1.656
Latin America and the Caribbean (UN),,2084,,1.656
Latin America and the Caribbean (UN),,2085,,1.656
Latin America and the Caribbean (UN),,2086,,1.655
Latin America and the Caribbean (UN),,2087,,1.654
Latin America and the Caribbean (UN),,2088,,1.654
Latin America and the Caribbean (UN),,2089,,1.654
Latin America and the Caribbean (UN),,2090,,1.653
Latin America and the Caribbean (UN),,2091,,1.653
Latin America and the Caribbean (UN),,2092,,1.652
Latin America and the Caribbean (UN),,2093,,1.652
Latin America and the Caribbean (UN),,2094,,1.651
Latin America and the Caribbean (UN),,2095,,1.65
Latin America and the Caribbean (UN),,2096,,1.649
Latin America and the Caribbean (UN),,2097,,1.648
Latin America and the Caribbean (UN),,2098,,1.648
Latin America and the Caribbean (UN),,2099,,1.648
Latin America and the Caribbean (UN),,2100,,1.648
Northern America (UN),,1950,3.105,
Northern America (UN),,1951,3.212,
Northern America (UN),,1952,3.31,
Northern America (UN),,1953,3.379,
Northern America (UN),,1954,3.496,
Northern America (UN),,1955,3.533,
Northern America (UN),,1956,3.635,
Northern America (UN),,1957,3.714,
Northern America (UN),,1958,3.758,
Northern America (UN),,1959,3.756,
Northern America (UN),,1960,3.74,
Northern America (UN),,1961,3.698,
Northern America (UN),,1962,3.547,
Northern America (UN),,1963,3.41,
Northern America (UN),,1964,3.274,
Northern America (UN),,1965,2.992,
Northern America (UN),,1966,2.768,
Northern America (UN),,1967,2.599,
Northern America (UN),,1968,2.499,
Northern America (UN),,1969,2.49,
Northern America (UN),,1970,2.491,
Northern America (UN),,1971,2.297,
Northern America (UN),,1972,2.045,
Northern America (UN),,1973,1.914,
Northern America (UN),,1974,1.866,
Northern America (UN),,1975,1.813,
Northern America (UN),,1976,1.782,
Northern America (UN),,1977,1.816,
Northern America (UN),,1978,1.792,
Northern America (UN),,1979,1.826,
Northern America (UN),,1980,1.84,
Northern America (UN),,1981,1.825,
Northern America (UN),,1982,1.831,
Northern America (UN),,1983,1.804,
Northern America (UN),,1984,1.804,
Northern America (UN),,1985,1.828,
Northern America (UN),,1986,1.825,
Northern America (UN),,1987,1.853,
Northern America (UN),,1988,1.907,
Northern America (UN),,1989,1.977,
Northern America (UN),,1990,2.034,
Northern America (UN),,1991,2.025,
Northern America (UN),,1992,2.008,
Northern America (UN),,1993,1.979,
Northern America (UN),,1994,1.959,
Northern America (UN),,1995,1.936,
Northern America (UN),,1996,1.928,
Northern America (UN),,1997,1.917,
Northern America (UN),,1998,1.938,
Northern America (UN),,1999,1.946,
Northern America (UN),,2000,1.979,
Northern America (UN),,2001,1.964,
Northern America (UN),,2002,1.955,
Northern America (UN),,2003,1.977,
Northern America (UN),,2004,1.984,
Northern America (UN),,2005,1.994,
Northern America (UN),,2006,2.041,
Northern America (UN),,2007,2.054,
Northern America (UN),,2008,2.018,
Northern America (UN),,2009,1.957,
Northern America (UN),,2010,1.89,
Northern America (UN),,2011,1.856,
Northern America (UN),,2012,1.84,
Northern America (UN),,2013,1.818,
Northern America (UN),,2014,1.826,
Northern America (UN),,2015,1.811,
Northern America (UN),,2016,1.784,
Northern America (UN),,2017,1.734,
Northern America (UN),,2018,1.695,
Northern America (UN),,2019,1.664,
Northern America (UN),,2020,1.596,
Northern America (UN),,2021,1.614,
Northern America (UN),,2022,1.636,
Northern America (UN),,2023,1.597,
Northern America (UN),,2024,,1.594
Northern America (UN),,2025,,1.594
Northern America (UN),,2026,,1.595
Northern America (UN),,2027,,1.594
Northern America (UN),,2028,,1.596
Northern America (UN),,2029,,1.598
Northern America (UN),,2030,,1.6
Northern America (UN),,2031,,1.6
Northern America (UN),,2032,,1.602
Northern America (UN),,2033,,1.604
Northern America (UN),,2034,,1.602
Northern America (UN),,2035,,1.604
Northern America (UN),,2036,,1.606
Northern America (UN),,2037,,1.606
Northern America (UN),,2038,,1.607
Northern America (UN),,2039,,1.61
Northern America (UN),,2040,,1.611
Northern America (UN),,2041,,1.612
Northern America (UN),,2042,,1.611
Northern America (UN),,2043,,1.612
Northern America (UN),,2044,,1.613
Northern America (UN),,2045,,1.617
Northern America (UN),,2046,,1.616
Northern America (UN),,2047,,1.615
Northern America (UN),,2048,,1.616
Northern America (UN),,2049,,1.615
Northern America (UN),,2050,,1.616
Northern America (UN),,2051,,1.617
Northern America (UN),,2052,,1.617
Northern America (UN),,2053,,1.617
Northern America (UN),,2054,,1.617
Northern America (UN),,2055,,1.617
Northern America (UN),,2056,,1.618
Northern America (UN),,2057,,1.618
Northern America (UN),,2058,,1.617
Northern America (UN),,2059,,1.617
Northern America (UN),,2060,,1.618
Northern America (UN),,2061,,1.617
Northern America (UN),,2062,,1.617
Northern America (UN),,2063,,1.617
Northern America (UN),,2064,,1.617
Northern America (UN),,2065,,1.618
Northern America (UN),,2066,,1.619
Northern America (UN),,2067,,1.62
Northern America (UN),,2068,,1.621
Northern America (UN),,2069,,1.621
Northern America (UN),,2070,,1.623
Northern America (UN),,2071,,1.622
Northern America (UN),,2072,,1.622
Northern America (UN),,2073,,1.621
Northern America (UN),,2074,,1.622
Northern America (UN),,2075,,1.623
Northern America (UN),,2076,,1.624
Northern America (UN),,2077,,1.625
Northern America (UN),,2078,,1.627
Northern America (UN),,2079,,1.627
Northern America (UN),,2080,,1.626
Northern America (UN),,2081,,1.626
Northern America (UN),,2082,,1.626
Northern America (UN),,2083,,1.626
Northern America (UN),,2084,,1.626
Northern America (UN),,2085,,1.627
Northern America (UN),,2086,,1.629
Northern America (UN),,2087,,1.628
Northern America (UN),,2088,,1.629
Northern America (UN),,2089,,1.631
Northern America (UN),,2090,,1.632
Northern America (UN),,2091,,1.63
Northern America (UN),,2092,,1.632
Northern America (UN),,2093,,1.632
Northern America (UN),,2094,,1.631
Northern America (UN),,2095,,1.632
Northern America (UN),,2096,,1.632
Northern America (UN),,2097,,1.634
Northern America (UN),,2098,,1.632
Northern America (UN),,2099,,1.633
Northern America (UN),,2100,,1.63
Oceania (UN),,1950,3.687,
Oceania (UN),,1951,3.703,
Oceania (UN),,1952,3.798,
Oceania (UN),,1953,3.817,
Oceania (UN),,1954,3.842,
Oceania (UN),,1955,3.92,
Oceania (UN),,1956,3.98,
Oceania (UN),,1957,4.054,
Oceania (UN),,1958,4.074,
Oceania (UN),,1959,4.101,
Oceania (UN),,1960,4.126,
Oceania (UN),,1961,4.2,
Oceania (UN),,1962,4.116,
Oceania (UN),,1963,4.042,
Oceania (UN),,1964,3.888,
Oceania (UN),,1965,3.742,
Oceania (UN),,1966,3.659,
Oceania (UN),,1967,3.617,
Oceania (UN),,1968,3.63,
Oceania (UN),,1969,3.612,
Oceania (UN),,1970,3.566,
Oceania (UN),,1971,3.604,
Oceania (UN),,1972,3.423,
Oceania (UN),,1973,3.207,
Oceania (UN),,1974,3.089,
Oceania (UN),,1975,2.932,
Oceania (UN),,1976,2.812,
Oceania (UN),,1977,2.761,
Oceania (UN),,1978,2.686,
Oceania (UN),,1979,2.643,
Oceania (UN),,1980,2.609,
Oceania (UN),,1981,2.621,
Oceania (UN),,1982,2.6,
Oceania (UN),,1983,2.584,
Oceania (UN),,1984,2.54,
Oceania (UN),,1985,2.552,
Oceania (UN),,1986,2.53,
Oceania (UN),,1987,2.52,
Oceania (UN),,1988,2.515,
Oceania (UN),,1989,2.51,
Oceania (UN),,1990,2.552,
Oceania (UN),,1991,2.506,
Oceania (UN),,1992,2.518,
Oceania (UN),,1993,2.499,
Oceania (UN),,1994,2.483,
Oceania (UN),,1995,2.464,
Oceania (UN),,1996,2.453,
Oceania (UN),,1997,2.442,
Oceania (UN),,1998,2.427,
Oceania (UN),,1999,2.442,
Oceania (UN),,2000,2.447,
Oceania (UN),,2001,2.432,
Oceania (UN),,2002,2.441,
Oceania (UN),,2003,2.444,
Oceania (UN),,2004,2.456,
Oceania (UN),,2005,2.488,
Oceania (UN),,2006,2.509,
Oceania (UN),,2007,2.581,
Oceania (UN),,2008,2.591,
Oceania (UN),,2009,2.542,
Oceania (UN),,2010,2.524,
Oceania (UN),,2011,2.49,
Oceania (UN),,2012,2.485,
Oceania (UN),,2013,2.438,
Oceania (UN),,2014,2.375,
Oceania (UN),,2015,2.364,
Oceania (UN),,2016,2.333,
Oceania (UN),,2017,2.282,
Oceania (UN),,2018,2.258,
Oceania (UN),,2019,2.199,
Oceania (UN),,2020,2.14,
Oceania (UN),,2021,2.168,
Oceania (UN),,2022,2.157,
Oceania (UN),,2023,2.142,
Oceania (UN),,2024,,2.137
Oceania (UN),,2025,,2.125
Oceania (UN),,2026,,2.115
Oceania (UN),,2027,,2.105
Oceania (UN),,2028,,2.096
Oceania (UN),,2029,,2.084
Oceania (UN),,2030,,2.074
Oceania (UN),,2031,,2.063
Oceania (UN),,2032,,2.055
Oceania (UN),,2033,,2.047
Oceania (UN),,2034,,2.04
Oceania (UN),,2035,,2.033
Oceania (UN),,2036,,2.026
Oceania (UN),,2037,,2.019
Oceania (UN),,2038,,2.013
Oceania (UN),,2039,,2.007
Oceania (UN),,2040,,2
Oceania (UN),,2041,,1.994
Oceania (UN),,2042,,1.985
Oceania (UN),,2043,,1.978
Oceania (UN),,2044,,1.972
Oceania (UN),,2045,,1.965
Oceania (UN),,2046,,1.958
Oceania (UN),,2047,,1.95
Oceania (UN),,2048,,1.944
Oceania (UN),,2049,,1.938
Oceania (UN),,2050,,1.932
Oceania (UN),,2051,,1.927
Oceania (UN),,2052,,1.921
Oceania (UN),,2053,,1.915
Oceania (UN),,2054,,1.908
Oceania (UN),,2055,,1.903
Oceania (UN),,2056,,1.898
Oceania (UN),,2057,,1.893
Oceania (UN),,2058,,1.888
Oceania (UN),,2059,,1.882
Oceania (UN),,2060,,1.875
Oceania (UN),,2061,,1.87
Oceania (UN),,2062,,1.864
Oceania (UN),,2063,,1.857
Oceania (UN),,2064,,1.854
Oceania (UN),,2065,,1.847
Oceania (UN),,2066,,1.843
Oceania (UN),,2067,,1.838
Oceania (UN),,2068,,1.832
Oceania (UN),,2069,,1.829
Oceania (UN),,2070,,1.823
Oceania (UN),,2071,,1.819
Oceania (UN),,2072,,1.816
Oceania (UN),,2073,,1.81
Oceania (UN),,2074,,1.806
Oceania (UN),,2075,,1.802
Oceania (UN),,2076,,1.798
Oceania (UN),,2077,,1.795
Oceania (UN),,2078,,1.792
Oceania (UN),,2079,,1.79
Oceania (UN),,2080,,1.786
Oceania (UN),,2081,,1.783
Oceania (UN),,2082,,1.78
Oceania (UN),,2083,,1.777
Oceania (UN),,2084,,1.775
Oceania (UN),,2085,,1.772
Oceania (UN),,2086,,1.769
Oceania (UN),,2087,,1.767
Oceania (UN),,2088,,1.764
Oceania (UN),,2089,,1.761
Oceania (UN),,2090,,1.758
Oceania (UN),,2091,,1.753
Oceania (UN),,2092,,1.751
Oceania (UN),,2093,,1.749
Oceania (UN),,2094,,1.747
Oceania (UN),,2095,,1.743
Oceania (UN),,2096,,1.741
Oceania (UN),,2097,,1.737
Oceania (UN),,2098,,1.734
Oceania (UN),,2099,,1.73
Oceania (UN),,2100,,1.727
World,OWID_WRL,1950,4.852,
World,OWID_WRL,1951,4.816,
World,OWID_WRL,1952,5.001,
World,OWID_WRL,1953,4.922,
World,OWID_WRL,1954,4.998,
World,OWID_WRL,1955,5.003,
World,OWID_WRL,1956,4.931,
World,OWID_WRL,1957,5.068,
World,OWID_WRL,1958,4.932,
World,OWID_WRL,1959,4.74,
World,OWID_WRL,1960,4.696,
World,OWID_WRL,1961,4.571,
World,OWID_WRL,1962,5.022,
World,OWID_WRL,1963,5.308,
World,OWID_WRL,1964,5.123,
World,OWID_WRL,1965,5.071,
World,OWID_WRL,1966,4.961,
World,OWID_WRL,1967,4.852,
World,OWID_WRL,1968,4.963,
World,OWID_WRL,1969,4.866,
World,OWID_WRL,1970,4.825,
World,OWID_WRL,1971,4.679,
World,OWID_WRL,1972,4.545,
World,OWID_WRL,1973,4.416,
World,OWID_WRL,1974,4.259,
World,OWID_WRL,1975,4.08,
World,OWID_WRL,1976,3.974,
World,OWID_WRL,1977,3.85,
World,OWID_WRL,1978,3.787,
World,OWID_WRL,1979,3.771,
World,OWID_WRL,1980,3.744,
World,OWID_WRL,1981,3.711,
World,OWID_WRL,1982,3.712,
World,OWID_WRL,1983,3.581,
World,OWID_WRL,1984,3.553,
World,OWID_WRL,1985,3.515,
World,OWID_WRL,1986,3.504,
World,OWID_WRL,1987,3.476,
World,OWID_WRL,1988,3.39,
World,OWID_WRL,1989,3.347,
World,OWID_WRL,1990,3.31,
World,OWID_WRL,1991,3.131,
World,OWID_WRL,1992,3.044,
World,OWID_WRL,1993,2.98,
World,OWID_WRL,1994,2.933,
World,OWID_WRL,1995,2.889,
World,OWID_WRL,1996,2.846,
World,OWID_WRL,1997,2.809,
World,OWID_WRL,1998,2.776,
World,OWID_WRL,1999,2.75,
World,OWID_WRL,2000,2.754,
World,OWID_WRL,2001,2.714,
World,OWID_WRL,2002,2.684,
World,OWID_WRL,2003,2.659,
World,OWID_WRL,2004,2.647,
World,OWID_WRL,2005,2.63,
World,OWID_WRL,2006,2.625,
World,OWID_WRL,2007,2.623,
World,OWID_WRL,2008,2.626,
World,OWID_WRL,2009,2.621,
World,OWID_WRL,2010,2.602,
World,OWID_WRL,2011,2.588,
World,OWID_WRL,2012,2.607,
World,OWID_WRL,2013,2.572,
World,OWID_WRL,2014,2.564,
World,OWID_WRL,2015,2.537,
World,OWID_WRL,2016,2.536,
World,OWID_WRL,2017,2.504,
World,OWID_WRL,2018,2.437,
World,OWID_WRL,2019,2.397,
World,OWID_WRL,2020,2.322,
World,OWID_WRL,2021,2.291,
World,OWID_WRL,2022,2.265,
World,OWID_WRL,2023,2.251,
World,OWID_WRL,2024,,2.248
World,OWID_WRL,2025,,2.239
World,OWID_WRL,2026,,2.23
World,OWID_WRL,2027,,2.221
World,OWID_WRL,2028,,2.213
World,OWID_WRL,2029,,2.204
World,OWID_WRL,2030,,2.196
World,OWID_WRL,2031,,2.187
World,OWID_WRL,2032,,2.178
World,OWID_WRL,2033,,2.169
World,OWID_WRL,2034,,2.161
World,OWID_WRL,2035,,2.153
World,OWID_WRL,2036,,2.146
World,OWID_WRL,2037,,2.139
World,OWID_WRL,2038,,2.134
World,OWID_WRL,2039,,2.129
World,OWID_WRL,2040,,2.127
World,OWID_WRL,2041,,2.123
World,OWID_WRL,2042,,2.121
World,OWID_WRL,2043,,2.12
World,OWID_WRL,2044,,2.118
World,OWID_WRL,2045,,2.116
World,OWID_WRL,2046,,2.113
World,OWID_WRL,2047,,2.109
World,OWID_WRL,2048,,2.106
World,OWID_WRL,2049,,2.101
World,OWID_WRL,2050,,2.097
World,OWID_WRL,2051,,2.091
World,OWID_WRL,2052,,2.085
World,OWID_WRL,2053,,2.079
World,OWID_WRL,2054,,2.072
World,OWID_WRL,2055,,2.065
World,OWID_WRL,2056,,2.058
World,OWID_WRL,2057,,2.051
World,OWID_WRL,2058,,2.044
World,OWID_WRL,2059,,2.037
World,OWID_WRL,2060,,2.03
World,OWID_WRL,2061,,2.022
World,OWID_WRL,2062,,2.016
World,OWID_WRL,2063,,2.009
World,OWID_WRL,2064,,2.002
World,OWID_WRL,2065,,1.996
World,OWID_WRL,2066,,1.99
World,OWID_WRL,2067,,1.984
World,OWID_WRL,2068,,1.978
World,OWID_WRL,2069,,1.972
World,OWID_WRL,2070,,1.967
World,OWID_WRL,2071,,1.962
World,OWID_WRL,2072,,1.957
World,OWID_WRL,2073,,1.952
World,OWID_WRL,2074,,1.947
World,OWID_WRL,2075,,1.943
World,OWID_WRL,2076,,1.939
World,OWID_WRL,2077,,1.935
World,OWID_WRL,2078,,1.93
World,OWID_WRL,2079,,1.926
World,OWID_WRL,2080,,1.922
World,OWID_WRL,2081,,1.917
World,OWID_WRL,2082,,1.914
World,OWID_WRL,2083,,1.909
World,OWID_WRL,2084,,1.905
World,OWID_WRL,2085,,1.901
World,OWID_WRL,2086,,1.896
World,OWID_WRL,2087,,1.892
World,OWID_WRL,2088,,1.888
World,OWID_WRL,2089,,1.883
World,OWID_WRL,2090,,1.879
World,OWID_WRL,2091,,1.874
World,OWID_WRL,2092,,1.87
World,OWID_WRL,2093,,1.866
World,OWID_WRL,2094,,1.861
World,OWID_WRL,2095,,1.857
World,OWID_WRL,2096,,1.853
World,OWID_WRL,2097,,1.849
World,OWID_WRL,2098,,1.845
World,OWID_WRL,2099,,1.842
World,OWID_WRL,2100,,1.838