{
  "chart": {
    "title": "Fertility rate: children per woman",
    "subtitle": "The [fertility rate](#dod:fertility-rate), expressed as the number of children per woman, is based on age-specific fertility rates in one particular year. Estimates are shown with projections until 2100, based on the [UN medium scenario](#dod:un-projection-scenarios).",
    "citation": "UN, World Population Prospects (2024)",
    "originalChartUrl": "https://ourworldindata.org/grapher/fertility-rate-with-projections?v=1&csvType=filtered&useColumnShortNames=false",
    "selection": [
      "World",
      "Africa (UN)",
      "Asia (UN)",
      "Europe (UN)",
      "Northern America (UN)",
      "Latin America and the Caribbean (UN)",
      "Oceania (UN)"
    ]
  },
  "columns": {
    "Fertility rate - Sex: all - Age: all - Variant: estimates": {
      "titleShort": "Fertility rate,total",
      "titleLong": "Fertility rate,total - UN WPP",
      "descriptionShort": "The average number of live births a hypothetical cohort of women would have at the end of their reproductive period if they were subject during their whole lives to the fertility rates of a given period and if they were not subject to mortality.",
      "descriptionKey": [
        "It is expressed as live births per woman. For age-specific fertility rates, it measures the number of births to women in a particular age group, divided by the number of women in that age group. The age groups used are: 15-19, 20-24, ..., 45-49. The data refer to annual civil calendar years from 1 January to 31 December."
      ],
      "unit": "live births per woman",
      "timespan": "1950-2023",
      "type": "Numeric",
      "owidVariableId": 950920,
      "shortName": "fertility_rate__sex_all__age_all__variant_estimates",
      "lastUpdated": "2024-07-12",
      "citationShort": "UN, World Population Prospects (2024) – processed by Our World in Data",
      "citationLong": "UN, World Population Prospects (2024) – processed by Our World in Data. “Fertility rate,total – UN WPP” [dataset]. United Nations, “World Population Prospects” [original data].",
      "fullMetadata": "https://api.ourworldindata.org/v1/indicators/950920.metadata.json"
    },
    "Fertility rate - Sex: all - Age: all - Variant: medium": {
      "titleShort": "Fertility rate,medium projection",
      "titleLong": "Fertility rate,medium projection - UN WPP",
      "descriptionShort": "The average number of live births a hypothetical cohort of women would have at the end of their reproductive period if they were subject during their whole lives to the fertility rates of a given period and if they were not subject to mortality.Projections from 2024 onwards are based on the UN's medium scenario.",
      "descriptionKey": [
        "It is expressed as live births per woman. For age-specific fertility rates, it measures the number of births to women in a particular age group, divided by the number of women in that age group. The age groups used are: 15-19, 20-24, ..., 45-49. The data refer to annual civil calendar years from 1 January to 31 December."
      ],
      "unit": "live births per woman",
      "timespan": "2024-2100",
      "type": "Numeric",
      "owidVariableId": 950923,
      "shortName": "fertility_rate__sex_all__age_all__variant_medium",
      "lastUpdated": "2024-07-12",
      "citationShort": "UN, World Population Prospects (2024) – processed by Our World in Data",
      "citationLong": "UN, World Population Prospects (2024) – processed by Our World in Data. “Fertility rate,medium projection – UN WPP” [dataset]. United Nations, “World Population Prospects” [original data].",
      "fullMetadata": "https://api.ourworldindata.org/v1/indicators/950923.metadata.json"
    }
  },
  "dateDownloaded": "2024-12-17",
  "activeFilters": {}
}